price,area,bedrooms,bathrooms,stories,parking,Area_per_Bedroom,Total_Rooms,Price_per_Area,mainroad_no,mainroad_yes,guestroom_no,guestroom_yes,basement_no,basement_yes,hotwaterheating_no,hotwaterheating_yes,airconditioning_no,airconditioning_yes,prefarea_no,prefarea_yes,furnishingstatus_furnished,furnishingstatus_semi-furnished,furnishingstatus_unfurnished,price_log
13300000,7420,4,2,3,2,1855.0,6,1792.4528301886792,False,True,True,False,True,False,True,False,False,True,False,True,True,False,False,16.40327466837995
12250000,8960,4,4,4,3,2240.0,8,1367.1875,False,True,True,False,True,False,True,False,False,True,True,False,True,False,False,16.32103657658766
12250000,9960,3,2,2,2,3320.0,5,1229.9196787148594,False,True,True,False,False,True,True,False,True,False,False,True,False,True,False,16.32103657658766
12215000,7500,4,2,2,3,1875.0,6,1628.6666666666667,False,True,True,False,False,True,True,False,False,True,False,True,True,False,False,16.31817534454053
11410000,7420,4,1,2,2,1855.0,5,1537.7358490566037,False,True,False,True,False,True,True,False,False,True,True,False,True,False,False,16.250000809480674
10850000,7500,3,3,1,2,2500.0,6,1446.6666666666667,False,True,True,False,False,True,True,False,False,True,False,True,False,True,False,16.19967573011664
10150000,8580,4,3,4,2,2145.0,7,1182.983682983683,False,True,True,False,True,False,True,False,False,True,False,True,False,True,False,16.132984361974234
10150000,16200,5,3,2,0,3240.0,8,626.5432098765432,False,True,True,False,True,False,True,False,True,False,True,False,False,False,True,16.132984361974234
9870000,8100,4,1,2,2,2025.0,5,1218.5185185185185,False,True,False,True,False,True,True,False,False,True,False,True,True,False,False,16.105010512726782
9800000,5750,3,2,4,1,1916.6666666666667,5,1704.3478260869565,False,True,False,True,True,False,True,False,False,True,False,True,False,False,True,16.097893045681612
9800000,13200,3,1,2,2,4400.0,4,742.4242424242424,False,True,True,False,False,True,True,False,False,True,False,True,True,False,False,16.097893045681612
9681000,6000,4,3,2,2,1500.0,7,1613.5,False,True,False,True,False,True,False,True,True,False,True,False,False,True,False,16.085675862997316
9310000,6550,4,2,2,1,1637.5,6,1421.3740458015268,False,True,True,False,True,False,True,False,False,True,False,True,False,True,False,16.04659975666463
9240000,3500,4,2,2,2,875.0,6,2640.0,False,True,True,False,True,False,False,True,True,False,True,False,True,False,False,16.039052551842968
9240000,7800,3,2,2,0,2600.0,5,1184.6153846153845,False,True,True,False,True,False,True,False,True,False,False,True,False,True,False,16.039052551842968
9100000,6000,4,1,2,2,1500.0,5,1516.6666666666667,False,True,True,False,False,True,True,False,True,False,True,False,False,True,False,16.02378508137718
9100000,6600,4,2,2,1,1650.0,6,1378.7878787878788,False,True,False,True,False,True,True,False,False,True,False,True,False,False,True,16.02378508137718
8960000,8500,3,2,4,2,2833.3333333333335,5,1054.1176470588234,False,True,True,False,True,False,True,False,False,True,True,False,True,False,False,16.00828089655825
8890000,4600,3,2,2,2,1533.3333333333333,5,1932.608695652174,False,True,False,True,True,False,True,False,False,True,True,False,True,False,False,16.00043771997602
8855000,6420,3,2,2,1,2140.0,5,1379.2834890965732,False,True,True,False,True,False,True,False,False,True,False,True,False,True,False,15.996492942129612
8750000,4320,3,1,2,2,1440.0,4,2025.462962962963,False,True,True,False,False,True,False,True,True,False,True,False,False,True,False,15.984564372619506
8680000,7155,3,2,1,2,2385.0,5,1213.1376659678547,False,True,False,True,False,True,True,False,False,True,True,False,False,False,True,15.976532201843899
8645000,8050,3,1,1,1,2683.3333333333335,4,1073.9130434782608,False,True,False,True,False,True,True,False,False,True,True,False,True,False,False,15.97249179277332
8645000,4560,3,2,2,1,1520.0,5,1895.8333333333333,False,True,False,True,False,True,True,False,False,True,True,False,True,False,False,15.97249179277332
8575000,8800,3,2,2,2,2933.3333333333335,5,974.4318181818181,False,True,True,False,True,False,True,False,False,True,True,False,True,False,False,15.964361667634346
8540000,6540,4,2,2,2,1635.0,6,1305.8103975535169,False,True,False,True,False,True,True,False,False,True,False,True,True,False,False,15.960271682860764
8463000,6000,3,2,4,0,2000.0,5,1410.5,False,True,False,True,False,True,True,False,False,True,False,True,False,True,False,15.951214396813645
8400000,8875,3,1,1,1,2958.3333333333335,4,946.4788732394367,False,True,True,False,True,False,True,False,True,False,True,False,False,True,False,15.943742382861155
8400000,7950,5,2,2,2,1590.0,7,1056.6037735849056,False,True,True,False,False,True,False,True,True,False,True,False,False,False,True,15.943742382861155
8400000,5500,4,2,2,1,1375.0,6,1527.2727272727273,False,True,True,False,False,True,True,False,False,True,False,True,False,True,False,15.943742382861155
8400000,7475,3,2,4,2,2491.6666666666665,5,1123.7458193979933,False,True,True,False,True,False,True,False,False,True,True,False,False,False,True,15.943742382861155
8400000,7000,3,1,4,2,2333.3333333333335,4,1200.0,False,True,True,False,True,False,True,False,False,True,True,False,False,True,False,15.943742382861155
8295000,4880,4,2,2,1,1220.0,6,1699.795081967213,False,True,True,False,True,False,True,False,False,True,False,True,True,False,False,15.931163602161226
8190000,5960,3,3,2,1,1986.6666666666667,6,1374.1610738255033,False,True,False,True,False,True,True,False,True,False,True,False,False,False,True,15.918424577929366
8120000,6840,5,1,2,1,1368.0,6,1187.1345029239767,False,True,False,True,False,True,True,False,False,True,True,False,True,False,False,15.909840835290563
8080940,7000,3,2,4,2,2333.3333333333335,5,1154.42,False,True,True,False,True,False,True,False,False,True,True,False,True,False,False,15.905018884112332
8043000,7482,3,2,3,1,2494.0,5,1074.979951884523,False,True,True,False,True,False,False,True,True,False,False,True,True,False,False,15.900312830217915
7980000,9000,4,2,4,2,2250.0,6,886.6666666666666,False,True,True,False,True,False,True,False,False,True,True,False,True,False,False,15.892449094739266
7962500,6000,3,1,4,2,2000.0,4,1327.0833333333333,False,True,False,True,True,False,True,False,False,True,True,False,False,False,True,15.890253704451245
7910000,6000,4,2,4,1,1500.0,6,1318.3333333333333,False,True,True,False,True,False,True,False,False,True,True,False,False,True,False,15.88363846616608
7875000,6550,3,1,2,0,2183.3333333333335,4,1202.2900763358778,False,True,True,False,False,True,True,False,False,True,False,True,True,False,False,15.87920386966009
7840000,6360,3,2,4,0,2120.0,5,1232.7044025157234,False,True,True,False,True,False,True,False,False,True,False,True,True,False,False,15.874749519877604
7700000,6480,3,2,4,2,2160.0,5,1188.2716049382716,False,True,True,False,True,False,True,False,False,True,True,False,False,False,True,15.856731016694035
7700000,6000,4,2,4,2,1500.0,6,1283.3333333333333,False,True,True,False,True,False,True,False,True,False,True,False,False,True,False,15.856731016694035
7560000,6000,4,2,4,1,1500.0,6,1260.0,False,True,True,False,True,False,True,False,False,True,True,False,True,False,False,15.83838188043084
7560000,6000,3,2,3,0,2000.0,5,1260.0,False,True,True,False,True,False,True,False,False,True,True,False,False,True,False,15.83838188043084
7525000,6000,3,2,4,1,2000.0,5,1254.1666666666667,False,True,True,False,True,False,True,False,False,True,True,False,True,False,False,15.83374150148957
7490000,6600,3,1,4,3,2200.0,4,1134.8484848484848,False,True,True,False,True,False,True,False,False,True,False,True,True,False,False,15.829079489004743
7455000,4300,3,2,2,1,1433.3333333333333,5,1733.7209302325582,False,True,True,False,False,True,True,False,True,False,True,False,False,False,True,15.824395640319128
7420000,7440,3,2,1,0,2480.0,5,997.3118279569892,False,True,False,True,False,True,True,False,False,True,False,True,False,True,False,15.819689749914444
7420000,7440,3,2,4,1,2480.0,5,997.3118279569892,False,True,True,False,True,False,True,False,True,False,False,True,False,False,True,15.819689749914444
7420000,6325,3,1,4,1,2108.3333333333335,4,1173.1225296442688,False,True,True,False,True,False,True,False,False,True,True,False,False,False,True,15.819689749914444
7350000,6000,4,2,4,1,1500.0,6,1225.0,False,True,False,True,True,False,True,False,False,True,True,False,True,False,False,15.810211007243431
7350000,5150,3,2,4,2,1716.6666666666667,5,1427.1844660194174,False,True,True,False,True,False,True,False,False,True,True,False,False,True,False,15.810211007243431
7350000,6000,3,2,2,1,2000.0,5,1225.0,False,True,False,True,True,False,True,False,False,True,True,False,False,True,False,15.810211007243431
7350000,6000,3,1,2,1,2000.0,4,1225.0,False,True,True,False,True,False,True,False,False,True,True,False,False,False,True,15.810211007243431
7343000,11440,4,1,2,1,2860.0,5,641.8706293706293,False,True,True,False,False,True,True,False,True,False,False,True,False,True,False,15.80925817261786
7245000,9000,4,2,4,1,2250.0,6,805.0,False,True,False,True,True,False,True,False,False,True,False,True,True,False,False,15.795822271763136
7210000,7680,4,2,4,1,1920.0,6,938.8020833333334,False,True,False,True,True,False,True,False,False,True,True,False,False,True,False,15.790979647957377
7210000,6000,3,2,4,1,2000.0,5,1201.6666666666667,False,True,False,True,True,False,True,False,False,True,True,False,True,False,False,15.790979647957377
7140000,6000,3,2,2,1,2000.0,5,1190.0,False,True,False,True,True,False,True,False,True,False,True,False,False,True,False,15.78122347437178
7070000,8880,2,1,1,1,4440.0,3,796.1711711711712,False,True,True,False,True,False,True,False,False,True,True,False,False,True,False,15.77137117931546
7070000,6240,4,2,2,1,1560.0,6,1133.0128205128206,False,True,True,False,True,False,True,False,False,True,True,False,True,False,False,15.77137117931546
7035000,6360,4,2,3,2,1590.0,6,1106.132075471698,False,True,True,False,True,False,True,False,False,True,False,True,True,False,False,15.766408390677027
7000000,11175,3,1,1,1,3725.0,4,626.3982102908277,False,True,True,False,False,True,True,False,False,True,False,True,True,False,False,15.76142084987672
6930000,8880,3,2,2,1,2960.0,5,780.4054054054054,False,True,True,False,False,True,True,False,False,True,True,False,True,False,False,15.75137051546622
6930000,13200,2,1,1,1,6600.0,3,525.0,False,True,True,False,False,True,False,True,True,False,True,False,True,False,False,15.75137051546622
6895000,7700,3,2,1,2,2566.6666666666665,5,895.4545454545455,False,True,True,False,True,False,True,False,True,False,True,False,False,False,True,15.746307214242162
6860000,6000,3,1,1,1,2000.0,4,1143.3333333333333,False,True,True,False,True,False,True,False,False,True,True,False,True,False,False,15.741218145474653
6790000,12090,4,2,2,2,3022.5,6,561.6211745244003,False,True,True,False,True,False,True,False,True,False,False,True,True,False,False,15.730961646810274
6790000,4000,3,2,2,0,1333.3333333333333,5,1697.5,False,True,True,False,False,True,True,False,False,True,False,True,False,True,False,15.730961646810274
6755000,6000,4,2,4,0,1500.0,6,1125.8333333333333,False,True,True,False,True,False,True,False,False,True,True,False,False,False,True,15.725793677414915
6720000,5020,3,1,4,0,1673.3333333333333,4,1338.6454183266933,False,True,True,False,True,False,True,False,False,True,False,True,False,False,True,15.720598861308845
6685000,6600,2,2,4,0,3300.0,4,1012.8787878787879,False,True,True,False,False,True,True,False,True,False,False,True,True,False,False,15.7153769181068
6650000,4040,3,1,2,1,1346.6666666666667,4,1646.039603960396,False,True,True,False,False,True,False,True,True,False,True,False,True,False,False,15.710127563007966
6650000,4260,4,2,2,0,1065.0,6,1561.0328638497654,False,True,True,False,True,False,False,True,True,False,True,False,False,True,False,15.710127563007966
6650000,6420,3,2,3,0,2140.0,5,1035.8255451713396,False,True,True,False,True,False,True,False,False,True,False,True,True,False,False,15.710127563007966
6650000,6500,3,2,3,0,2166.6666666666665,5,1023.0769230769231,False,True,True,False,True,False,True,False,False,True,False,True,True,False,False,15.710127563007966
6650000,5700,3,1,1,2,1900.0,4,1166.6666666666667,False,True,False,True,False,True,True,False,False,True,False,True,True,False,False,15.710127563007966
6650000,6000,3,2,3,0,2000.0,5,1108.3333333333333,False,True,False,True,True,False,True,False,False,True,True,False,True,False,False,15.710127563007966
6629000,6000,3,1,2,1,2000.0,4,1104.8333333333333,False,True,True,False,True,False,False,True,True,False,False,True,False,True,False,15.706964672075832
6615000,4000,3,2,2,1,1333.3333333333333,5,1653.75,False,True,True,False,False,True,True,False,False,True,True,False,False,True,False,15.704850506702762
6615000,10500,3,2,1,1,3500.0,5,630.0,False,True,True,False,False,True,True,False,False,True,False,True,True,False,False,15.704850506702762
6580000,6000,3,2,4,0,2000.0,5,1096.6666666666667,False,True,True,False,True,False,True,False,False,True,True,False,False,True,False,15.699545455277173
6510000,3760,3,1,2,2,1253.3333333333333,4,1731.3829787234042,False,True,True,False,True,False,False,True,True,False,True,False,False,True,False,15.688850167794572
6510000,8250,3,2,3,0,2750.0,5,789.0909090909091,False,True,True,False,True,False,True,False,False,True,True,False,True,False,False,15.688850167794572
6510000,6670,3,1,3,0,2223.3333333333335,4,976.0119940029984,False,True,True,False,False,True,True,False,True,False,False,True,False,False,True,15.688850167794572
6475000,3960,3,1,1,2,1320.0,4,1635.1010101010102,False,True,True,False,False,True,True,False,True,False,True,False,False,True,False,15.683459319990018
6475000,7410,3,1,1,2,2470.0,4,873.8191632928475,False,True,False,True,False,True,True,False,False,True,False,True,False,False,True,15.683459319990018
6440000,8580,5,3,2,2,1716.0,8,750.5827505827506,False,True,True,False,True,False,True,False,True,False,True,False,True,False,False,15.678039253360028
6440000,5000,3,1,2,0,1666.6666666666667,4,1288.0,False,True,True,False,True,False,True,False,False,True,True,False,False,True,False,15.678039253360028
6419000,6750,2,1,1,2,3375.0,3,950.9629629629629,False,True,False,True,False,True,True,False,True,False,False,True,True,False,False,15.67477305608141
6405000,4800,3,2,4,0,1600.0,5,1334.375,False,True,False,True,True,False,True,False,False,True,True,False,True,False,False,15.672589649440985
6300000,7200,3,2,1,3,2400.0,5,875.0,False,True,True,False,False,True,True,False,False,True,True,False,False,True,False,15.656060350091908
6300000,6000,4,2,4,1,1500.0,6,1050.0,False,True,True,False,True,False,True,False,True,False,True,False,False,True,False,15.656060350091908
6300000,4100,3,2,3,2,1366.6666666666667,5,1536.5853658536585,False,True,True,False,True,False,True,False,False,True,True,False,False,True,False,15.656060350091908
6300000,9000,3,1,1,1,3000.0,4,700.0,False,True,True,False,False,True,True,False,True,False,False,True,True,False,False,15.656060350091908
6300000,6400,3,1,1,1,2133.3333333333335,4,984.375,False,True,False,True,False,True,True,False,False,True,False,True,False,True,False,15.656060350091908
6293000,6600,3,2,3,0,2200.0,5,953.4848484848485,False,True,True,False,True,False,True,False,False,True,False,True,False,False,True,15.65494862141578
6265000,6000,4,1,3,0,1500.0,5,1044.1666666666667,False,True,False,True,False,True,True,False,True,False,False,True,False,False,True,15.650489305929213
6230000,6600,3,2,1,0,2200.0,5,943.939393939394,False,True,True,False,False,True,True,False,False,True,False,True,False,False,True,15.644887051277266
6230000,5500,3,1,3,1,1833.3333333333333,4,1132.7272727272727,False,True,True,False,True,False,True,False,True,False,False,True,False,False,True,15.644887051277266
6195000,5500,3,2,4,1,1833.3333333333333,5,1126.3636363636363,False,True,False,True,True,False,True,False,False,True,True,False,False,True,False,15.639253234465867
6195000,6350,3,2,3,0,2116.6666666666665,5,975.5905511811023,False,True,False,True,True,False,True,False,False,True,True,False,True,False,False,15.639253234465867
6195000,5500,3,2,1,2,1833.3333333333333,5,1126.3636363636363,False,True,False,True,False,True,True,False,True,False,False,True,True,False,False,15.639253234465867
6160000,4500,3,1,4,0,1500.0,4,1368.888888888889,False,True,True,False,True,False,True,False,False,True,True,False,False,False,True,15.633587497847351
6160000,5450,4,2,1,0,1362.5,6,1130.2752293577983,False,True,True,False,False,True,True,False,False,True,False,True,False,True,False,15.633587497847351
6125000,6420,3,1,3,0,2140.0,4,954.0498442367601,False,True,True,False,False,True,True,False,True,False,False,True,False,False,True,15.627889477660357
6107500,3240,4,1,3,1,810.0,5,1885.030864197531,False,True,True,False,True,False,True,False,True,False,True,False,False,True,False,15.625028245847135
6090000,6615,4,2,2,1,1653.75,6,920.6349206349206,False,True,False,True,True,False,False,True,True,False,True,False,False,True,False,15.622158803889679
6090000,6600,3,1,1,2,2200.0,4,922.7272727272727,False,True,False,True,False,True,True,False,True,False,False,True,False,True,False,15.622158803889679
6090000,8372,3,1,3,2,2790.6666666666665,4,727.4247491638796,False,True,True,False,True,False,True,False,False,True,True,False,False,False,True,15.622158803889679
6083000,4300,6,2,2,0,716.6666666666666,8,1414.6511627906978,False,True,True,False,True,False,True,False,True,False,True,False,True,False,False,15.621008717695398
6083000,9620,3,1,1,2,3206.6666666666665,4,632.3284823284823,False,True,True,False,False,True,True,False,True,False,False,True,True,False,False,15.621008717695398
6020000,6800,2,1,1,2,3400.0,3,885.2941176470588,False,True,False,True,False,True,True,False,True,False,True,False,True,False,False,15.610597983397946
6020000,8000,3,1,1,2,2666.6666666666665,4,752.5,False,True,False,True,False,True,True,False,False,True,False,True,False,True,False,15.610597983397946
6020000,6900,3,2,1,0,2300.0,5,872.463768115942,False,True,False,True,False,True,True,False,True,False,False,True,False,False,True,15.610597983397946
5950000,3700,4,1,2,0,925.0,5,1608.1081081081081,False,True,False,True,True,False,True,False,False,True,True,False,True,False,False,15.598901945589025
5950000,6420,3,1,1,0,2140.0,4,926.791277258567,False,True,True,False,False,True,True,False,False,True,False,True,True,False,False,15.598901945589025
5950000,7020,3,1,1,2,2340.0,4,847.5783475783476,False,True,True,False,False,True,True,False,False,True,False,True,False,True,False,15.598901945589025
5950000,6540,3,1,1,2,2180.0,4,909.7859327217126,False,True,False,True,False,True,True,False,True,False,False,True,True,False,False,15.598901945589025
5950000,7231,3,1,2,0,2410.3333333333335,4,822.8460793804453,False,True,False,True,False,True,True,False,False,True,False,True,False,True,False,15.598901945589025
5950000,6254,4,2,1,1,1563.5,6,951.3911096897986,False,True,True,False,False,True,True,False,True,False,False,True,False,True,False,15.598901945589025
5950000,7320,4,2,2,0,1830.0,6,812.8415300546449,False,True,True,False,True,False,True,False,True,False,True,False,True,False,False,15.598901945589025
5950000,6525,3,2,4,1,2175.0,5,911.8773946360153,False,True,True,False,True,False,True,False,True,False,True,False,True,False,False,15.598901945589025
5943000,15600,3,1,1,2,5200.0,4,380.96153846153845,False,True,True,False,True,False,True,False,False,True,True,False,False,True,False,15.59772478261397
5880000,7160,3,1,1,2,2386.6666666666665,4,821.2290502793296,False,True,True,False,False,True,True,False,True,False,False,True,False,False,True,15.587067489942822
5880000,6500,3,2,3,0,2166.6666666666665,5,904.6153846153846,False,True,True,False,True,False,True,False,False,True,True,False,False,False,True,15.587067489942822
5873000,5500,3,1,3,1,1833.3333333333333,4,1067.8181818181818,False,True,False,True,True,False,True,False,False,True,True,False,True,False,False,15.585876304775372
5873000,11460,3,1,3,2,3820.0,4,512.478184991274,False,True,True,False,True,False,True,False,True,False,False,True,False,True,False,15.585876304775372
5866000,4800,3,1,1,0,1600.0,4,1222.0833333333333,False,True,False,True,False,True,True,False,True,False,True,False,False,False,True,15.584683698993436
5810000,5828,4,1,4,0,1457.0,5,996.9114619080302,False,True,False,True,True,False,True,False,True,False,True,False,False,True,False,15.575091300945118
5810000,5200,3,1,3,0,1733.3333333333333,4,1117.3076923076924,False,True,True,False,True,False,True,False,False,True,True,False,False,True,False,15.575091300945118
5810000,4800,3,1,3,0,1600.0,4,1210.4166666666667,False,True,True,False,True,False,True,False,False,True,True,False,False,False,True,15.575091300945118
5803000,7000,3,1,1,2,2333.3333333333335,4,829.0,False,True,True,False,False,True,True,False,True,False,False,True,False,True,False,15.57388575549739
5775000,6000,3,2,4,0,2000.0,5,962.5,False,True,True,False,True,False,True,False,False,True,True,False,False,False,True,15.56904898753229
5740000,5400,4,2,2,2,1350.0,6,1062.962962962963,False,True,True,False,True,False,True,False,False,True,True,False,False,False,True,15.562969942511762
5740000,4640,4,1,2,1,1160.0,5,1237.0689655172414,False,True,True,False,True,False,True,False,True,False,True,False,False,True,False,15.562969942511762
5740000,5000,3,1,3,0,1666.6666666666667,4,1148.0,False,True,True,False,True,False,True,False,False,True,True,False,False,True,False,15.562969942511762
5740000,6360,3,1,1,2,2120.0,4,902.5157232704403,False,True,False,True,False,True,True,False,False,True,False,True,True,False,False,15.562969942511762
5740000,5800,3,2,4,0,1933.3333333333333,5,989.6551724137931,False,True,True,False,True,False,True,False,False,True,True,False,False,False,True,15.562969942511762
5652500,6660,4,2,2,1,1665.0,6,848.7237237237238,False,True,False,True,False,True,True,False,True,False,False,True,False,True,False,15.547608660047116
5600000,10500,4,2,2,1,2625.0,6,533.3333333333334,False,True,True,False,True,False,True,False,True,False,True,False,False,True,False,15.53827733427679
5600000,4800,5,2,3,0,960.0,7,1166.6666666666667,True,False,True,False,False,True,False,True,True,False,True,False,False,False,True,15.53827733427679
5600000,4700,4,1,2,1,1175.0,5,1191.4893617021276,False,True,False,True,False,True,True,False,False,True,True,False,True,False,False,15.53827733427679
5600000,5000,3,1,4,0,1666.6666666666667,4,1120.0,False,True,True,False,True,False,True,False,True,False,True,False,True,False,False,15.53827733427679
5600000,10500,2,1,1,1,5250.0,3,533.3333333333334,False,True,True,False,True,False,True,False,True,False,True,False,False,True,False,15.53827733427679
5600000,5500,3,2,2,1,1833.3333333333333,5,1018.1818181818181,False,True,True,False,True,False,True,False,True,False,True,False,False,True,False,15.53827733427679
5600000,6360,3,1,3,0,2120.0,4,880.503144654088,False,True,True,False,True,False,True,False,True,False,False,True,False,True,False,15.53827733427679
5600000,6600,4,2,1,0,1650.0,6,848.4848484848485,False,True,True,False,False,True,True,False,True,False,False,True,False,True,False,15.53827733427679
5600000,5136,3,1,2,0,1712.0,4,1090.342679127726,False,True,False,True,False,True,True,False,False,True,False,True,False,False,True,15.53827733427679
5565000,4400,4,1,2,2,1100.0,5,1264.7727272727273,False,True,True,False,True,False,True,False,False,True,False,True,False,True,False,15.532007722386286
5565000,5400,5,1,2,0,1080.0,6,1030.5555555555557,False,True,False,True,False,True,True,False,False,True,False,True,True,False,False,15.532007722386286
5530000,3300,3,3,2,0,1100.0,6,1675.7575757575758,False,True,True,False,False,True,True,False,True,False,True,False,False,True,False,15.525698554330328
5530000,3650,3,2,2,2,1216.6666666666667,5,1515.0684931506848,False,True,True,False,True,False,True,False,True,False,True,False,False,True,False,15.525698554330328
5530000,6100,3,2,1,2,2033.3333333333333,5,906.5573770491803,False,True,True,False,False,True,True,False,True,False,False,True,True,False,False,15.525698554330328
5523000,6900,3,1,1,0,2300.0,4,800.4347826086956,False,True,False,True,False,True,True,False,True,False,False,True,False,True,False,15.524431929944326
5495000,2817,4,2,2,1,704.25,6,1950.6567270145545,True,False,False,True,False,True,True,False,True,False,True,False,True,False,False,15.519349327803464
5495000,7980,3,1,1,2,2660.0,4,688.5964912280701,False,True,True,False,True,False,True,False,True,False,True,False,False,True,False,15.519349327803464
5460000,3150,3,2,1,0,1050.0,5,1733.3333333333333,False,True,False,True,False,True,True,False,False,True,True,False,True,False,False,15.512959530871255
5460000,6210,4,1,4,0,1552.5,5,879.2270531400966,False,True,False,True,True,False,True,False,False,True,True,False,True,False,False,15.512959530871255
5460000,6100,3,1,3,0,2033.3333333333333,4,895.0819672131148,False,True,False,True,True,False,True,False,False,True,False,True,False,True,False,15.512959530871255
5460000,6600,4,2,2,0,1650.0,6,827.2727272727273,False,True,False,True,False,True,True,False,True,False,False,True,False,True,False,15.512959530871255
5425000,6825,3,1,1,0,2275.0,4,794.8717948717949,False,True,False,True,False,True,True,False,False,True,False,True,False,True,False,15.506528641722578
5390000,6710,3,2,2,1,2236.6666666666665,5,803.2786885245902,False,True,False,True,False,True,True,False,True,False,False,True,True,False,False,15.50005612841392
5383000,6450,3,2,1,0,2150.0,5,834.5736434108527,False,True,False,True,False,True,False,True,True,False,True,False,False,False,True,15.498756583313094
5320000,7800,3,1,1,2,2600.0,4,682.0512820512821,False,True,True,False,False,True,True,False,False,True,False,True,False,False,True,15.486984049287734
5285000,4600,2,2,1,2,2300.0,4,1148.9130434782608,False,True,True,False,True,False,True,False,False,True,True,False,False,True,False,15.480383366501217
5250000,4260,4,1,2,0,1065.0,5,1232.394366197183,False,True,True,False,False,True,True,False,False,True,True,False,True,False,False,15.473738825043979
5250000,6540,4,2,2,0,1635.0,6,802.7522935779816,True,False,True,False,True,False,True,False,False,True,True,False,False,True,False,15.473738825043979
5250000,5500,3,2,1,0,1833.3333333333333,5,954.5454545454545,False,True,True,False,False,True,True,False,True,False,True,False,False,True,False,15.473738825043979
5250000,10269,3,1,1,1,3423.0,4,511.2474437627812,False,True,True,False,True,False,True,False,True,False,False,True,False,True,False,15.473738825043979
5250000,8400,3,1,2,2,2800.0,4,625.0,False,True,False,True,False,True,True,False,False,True,False,True,False,False,True,15.473738825043979
5250000,5300,4,2,1,0,1325.0,6,990.566037735849,False,True,True,False,True,False,True,False,False,True,False,True,False,False,True,15.473738825043979
5250000,3800,3,1,2,1,1266.6666666666667,4,1381.578947368421,False,True,False,True,False,True,True,False,True,False,False,True,False,False,True,15.473738825043979
5250000,9800,4,2,2,2,2450.0,6,535.7142857142857,False,True,False,True,True,False,True,False,True,False,True,False,False,True,False,15.473738825043979
5250000,8520,3,1,1,2,2840.0,4,616.1971830985915,False,True,True,False,True,False,True,False,False,True,True,False,True,False,False,15.473738825043979
5243000,6050,3,1,1,0,2016.6666666666667,4,866.6115702479339,False,True,True,False,False,True,True,False,True,False,False,True,False,True,False,15.472404602285149
5229000,7085,3,1,1,2,2361.6666666666665,4,738.0381086803105,False,True,False,True,False,True,True,False,True,False,False,True,False,True,False,15.469730804411405
5215000,3180,3,2,2,2,1060.0,5,1639.937106918239,False,True,True,False,True,False,True,False,True,False,True,False,False,True,False,15.467049838171546
5215000,4500,4,2,1,2,1125.0,6,1158.888888888889,True,False,True,False,False,True,True,False,False,True,True,False,False,True,False,15.467049838171546
5215000,7200,3,1,2,1,2400.0,4,724.3055555555555,False,True,False,True,False,True,True,False,True,False,False,True,True,False,False,15.467049838171546
5145000,3410,3,1,2,0,1136.6666666666667,4,1508.7976539589442,True,False,True,False,True,False,True,False,False,True,True,False,False,True,False,15.453536121613729
5145000,7980,3,1,1,1,2660.0,4,644.7368421052631,False,True,True,False,True,False,True,False,True,False,False,True,False,True,False,15.453536121613729
5110000,3000,3,2,2,0,1000.0,5,1703.3333333333333,False,True,False,True,False,True,True,False,True,False,True,False,True,False,False,15.446710157874584
5110000,3000,3,1,2,0,1000.0,4,1703.3333333333333,False,True,True,False,False,True,True,False,True,False,True,False,False,False,True,15.446710157874584
5110000,11410,2,1,2,0,5705.0,3,447.85276073619633,False,True,True,False,True,False,True,False,True,False,False,True,True,False,False,15.446710157874584
5110000,6100,3,1,1,0,2033.3333333333333,4,837.7049180327868,False,True,True,False,False,True,True,False,False,True,False,True,False,True,False,15.446710157874584
5075000,5720,2,1,2,0,2860.0,3,887.2377622377622,False,True,True,False,True,False,True,False,False,True,False,True,False,False,True,15.439837279936441
5040000,3540,2,1,1,0,1770.0,3,1423.7288135593221,True,False,False,True,False,True,True,False,True,False,True,False,False,True,False,15.43291683846023
5040000,7600,4,1,2,2,1900.0,5,663.1578947368421,False,True,True,False,True,False,True,False,False,True,True,False,True,False,False,15.43291683846023
5040000,10700,3,1,2,0,3566.6666666666665,4,471.02803738317755,False,True,False,True,False,True,True,False,True,False,True,False,False,True,False,15.43291683846023
5040000,6600,3,1,1,0,2200.0,4,763.6363636363636,False,True,False,True,False,True,True,False,True,False,False,True,True,False,False,15.43291683846023
5033000,4800,2,1,1,0,2400.0,3,1048.5416666666667,False,True,False,True,False,True,True,False,True,False,True,False,False,True,False,15.431526984447132
5005000,8150,3,2,1,0,2716.6666666666665,5,614.1104294478528,False,True,False,True,False,True,True,False,True,False,True,False,False,True,False,15.425948170531639
4970000,4410,4,3,2,2,1102.5,7,1126.984126984127,False,True,True,False,False,True,True,False,True,False,True,False,False,True,False,15.418930599280035
4970000,7686,3,1,1,0,2562.0,4,646.6302367941712,False,True,False,True,False,True,False,True,True,False,True,False,False,True,False,15.418930599280035
4956000,2800,3,2,2,1,933.3333333333334,5,1770.0,True,False,True,False,False,True,True,False,False,True,True,False,False,True,False,15.416109723506775
4935000,5948,3,1,2,0,1982.6666666666667,4,829.6906523201076,False,True,True,False,True,False,True,False,False,True,True,False,False,True,False,15.411863433483944
4907000,4200,3,1,2,1,1400.0,4,1168.3333333333333,False,True,True,False,True,False,True,False,True,False,True,False,True,False,False,15.406173518862524
4900000,4520,3,1,2,0,1506.6666666666667,4,1084.070796460177,False,True,True,False,False,True,True,False,False,True,True,False,False,True,False,15.404745967162468
4900000,4095,3,1,2,0,1365.0,4,1196.5811965811965,True,False,False,True,False,True,True,False,False,True,True,False,False,True,False,15.404745967162468
4900000,4120,2,1,1,1,2060.0,3,1189.3203883495146,False,True,True,False,False,True,True,False,True,False,True,False,False,True,False,15.404745967162468
4900000,5400,4,1,2,0,1350.0,5,907.4074074074074,False,True,True,False,True,False,True,False,True,False,True,False,False,True,False,15.404745967162468
4900000,4770,3,1,1,0,1590.0,4,1027.2536687631027,False,True,False,True,False,True,True,False,True,False,True,False,False,True,False,15.404745967162468
4900000,6300,3,1,1,2,2100.0,4,777.7777777777778,False,True,True,False,True,False,True,False,False,True,True,False,False,True,False,15.404745967162468
4900000,5800,2,1,1,0,2900.0,3,844.8275862068965,False,True,False,True,False,True,True,False,False,True,True,False,False,True,False,15.404745967162468
4900000,3000,3,1,2,0,1000.0,4,1633.3333333333333,False,True,True,False,False,True,True,False,False,True,True,False,False,True,False,15.404745967162468
4900000,2970,3,1,3,0,990.0,4,1649.8316498316499,False,True,True,False,True,False,True,False,True,False,True,False,False,True,False,15.404745967162468
4900000,6720,3,1,1,0,2240.0,4,729.1666666666666,False,True,True,False,True,False,True,False,True,False,True,False,False,False,True,15.404745967162468
4900000,4646,3,1,2,2,1548.6666666666667,4,1054.6706844597504,False,True,False,True,False,True,True,False,True,False,True,False,False,True,False,15.404745967162468
4900000,12900,3,1,1,2,4300.0,4,379.84496124031006,False,True,True,False,True,False,True,False,True,False,True,False,True,False,False,15.404745967162468
4893000,3420,4,2,2,2,855.0,6,1430.701754385965,False,True,True,False,False,True,True,False,False,True,True,False,False,True,False,15.403316374644834
4893000,4995,4,2,1,0,1248.75,6,979.5795795795796,False,True,True,False,False,True,True,False,True,False,True,False,False,True,False,15.403316374644834
4865000,4350,2,1,1,0,2175.0,3,1118.3908045977012,False,True,True,False,False,True,True,False,True,False,True,False,False,False,True,15.397577479152067
4830000,4160,3,1,3,0,1386.6666666666667,4,1161.0576923076924,False,True,True,False,True,False,True,False,True,False,True,False,False,False,True,15.390357232668071
4830000,6040,3,1,1,2,2013.3333333333333,4,799.6688741721854,False,True,True,False,True,False,True,False,True,False,False,True,False,True,False,15.390357232668071
4830000,6862,3,1,2,2,2287.3333333333335,4,703.8764208685515,False,True,True,False,True,False,True,False,False,True,False,True,True,False,False,15.390357232668071
4830000,4815,2,1,1,0,2407.5,3,1003.1152647975077,False,True,True,False,True,False,True,False,False,True,False,True,False,True,False,15.390357232668071
4795000,7000,3,1,2,0,2333.3333333333335,4,685.0,False,True,True,False,False,True,True,False,True,False,True,False,False,False,True,15.383084474850227
4795000,8100,4,1,4,2,2025.0,5,591.9753086419753,False,True,True,False,False,True,True,False,False,True,True,False,False,True,False,15.383084474850227
4767000,3420,4,2,2,0,855.0,6,1393.859649122807,False,True,True,False,True,False,True,False,True,False,True,False,False,True,False,15.377227943962481
4760000,9166,2,1,1,2,4583.0,3,519.3104953087498,False,True,True,False,False,True,True,False,False,True,True,False,False,True,False,15.375758436291614
4760000,6321,3,1,2,1,2107.0,4,753.0454042081949,False,True,True,False,False,True,True,False,False,True,True,False,True,False,False,15.375758436291614
4760000,10240,2,1,1,2,5120.0,3,464.84375,False,True,True,False,True,False,True,False,False,True,False,True,False,False,True,15.375758436291614
4753000,6440,2,1,1,3,3220.0,3,738.0434782608696,False,True,True,False,True,False,True,False,False,True,True,False,False,True,False,15.37428676598956
4690000,5170,3,1,4,0,1723.3333333333333,4,907.1566731141199,False,True,True,False,True,False,True,False,False,True,True,False,False,True,False,15.360943353642055
4690000,6000,2,1,1,1,3000.0,3,781.6666666666666,False,True,True,False,False,True,True,False,False,True,True,False,True,False,False,15.360943353642055
4690000,3630,3,1,2,2,1210.0,4,1292.0110192837465,False,True,True,False,True,False,True,False,True,False,True,False,False,True,False,15.360943353642055
4690000,9667,4,2,2,1,2416.75,6,485.15568428674874,False,True,False,True,False,True,True,False,True,False,True,False,False,True,False,15.360943353642055
4690000,5400,2,1,2,0,2700.0,3,868.5185185185185,False,True,True,False,True,False,True,False,True,False,False,True,False,True,False,15.360943353642055
4690000,4320,3,1,1,0,1440.0,4,1085.648148148148,False,True,True,False,True,False,True,False,True,False,False,True,False,True,False,15.360943353642055
4655000,3745,3,1,2,0,1248.3333333333333,4,1242.9906542056074,False,True,True,False,False,True,True,False,True,False,True,False,True,False,False,15.353452683516053
4620000,4160,3,1,1,0,1386.6666666666667,4,1110.576923076923,False,True,False,True,False,True,True,False,False,True,True,False,False,False,True,15.345905479508115
4620000,3880,3,2,2,2,1293.3333333333333,5,1190.721649484536,False,True,True,False,False,True,True,False,True,False,True,False,False,True,False,15.345905479508115
4620000,5680,3,1,2,1,1893.3333333333333,4,813.3802816901408,False,True,False,True,True,False,True,False,False,True,True,False,False,True,False,15.345905479508115
4620000,2870,2,1,2,0,1435.0,3,1609.7560975609756,False,True,False,True,False,True,True,False,True,False,False,True,False,True,False,15.345905479508115
4620000,5010,3,1,2,0,1670.0,4,922.1556886227545,False,True,True,False,False,True,True,False,True,False,True,False,False,True,False,15.345905479508115
4613000,4510,4,2,2,0,1127.5,6,1022.8381374722838,False,True,True,False,False,True,True,False,True,False,True,False,False,True,False,15.344389179318602
4585000,4000,3,1,2,1,1333.3333333333333,4,1146.25,False,True,True,False,True,False,True,False,True,False,True,False,True,False,False,15.338300881775186
4585000,3840,3,1,2,1,1280.0,4,1194.0104166666667,False,True,True,False,True,False,True,False,True,False,False,True,False,True,False,15.338300881775186
4550000,3760,3,1,1,2,1253.3333333333333,4,1210.1063829787233,False,True,True,False,True,False,True,False,True,False,True,False,False,True,False,15.330638010707329
4550000,3640,3,1,2,0,1213.3333333333333,4,1250.0,False,True,True,False,True,False,True,False,False,True,True,False,True,False,False,15.330638010707329
4550000,2550,3,1,2,0,850.0,4,1784.313725490196,False,True,True,False,False,True,True,False,True,False,True,False,True,False,False,15.330638010707329
4550000,5320,3,1,2,0,1773.3333333333333,4,855.2631578947369,False,True,False,True,False,True,True,False,True,False,False,True,False,True,False,15.330638010707329
4550000,5360,3,1,2,2,1786.6666666666667,4,848.8805970149253,False,True,True,False,True,False,True,False,True,False,False,True,False,False,True,15.330638010707329
4550000,3520,3,1,1,0,1173.3333333333333,4,1292.6136363636363,False,True,True,False,True,False,True,False,True,False,False,True,False,True,False,15.330638010707329
4550000,8400,4,1,4,3,2100.0,5,541.6666666666666,False,True,True,False,True,False,True,False,True,False,True,False,False,False,True,15.330638010707329
4543000,4100,2,2,1,0,2050.0,4,1108.0487804878048,False,True,False,True,False,True,True,False,True,False,True,False,False,True,False,15.32909836486038
4543000,4990,4,2,2,0,1247.5,6,910.4208416833667,False,True,False,True,False,True,True,False,True,False,False,True,True,False,False,15.32909836486038
4515000,3510,3,1,3,0,1170.0,4,1286.3247863247864,False,True,True,False,True,False,True,False,True,False,True,False,False,True,False,15.32291596631714
4515000,3450,3,1,2,1,1150.0,4,1308.695652173913,False,True,True,False,False,True,True,False,True,False,True,False,False,True,False,15.32291596631714
4515000,9860,3,1,1,0,3286.6666666666665,4,457.9107505070994,False,True,True,False,True,False,True,False,True,False,True,False,False,True,False,15.32291596631714
4515000,3520,2,1,2,0,1760.0,3,1282.6704545454545,False,True,True,False,True,False,True,False,True,False,False,True,True,False,False,15.32291596631714
4480000,4510,4,1,2,2,1127.5,5,993.3481152993348,False,True,True,False,True,False,True,False,False,True,True,False,False,True,False,15.315133827605429
4480000,5885,2,1,1,1,2942.5,3,761.2574341546305,False,True,True,False,True,False,True,False,False,True,True,False,False,False,True,15.315133827605429
4480000,4000,3,1,2,2,1333.3333333333333,4,1120.0,False,True,True,False,True,False,True,False,True,False,True,False,True,False,False,15.315133827605429
4480000,8250,3,1,1,0,2750.0,4,543.030303030303,False,True,True,False,True,False,True,False,True,False,True,False,True,False,False,15.315133827605429
4480000,4040,3,1,2,1,1346.6666666666667,4,1108.9108910891089,False,True,True,False,True,False,True,False,True,False,True,False,False,True,False,15.315133827605429
4473000,6360,2,1,1,1,3180.0,3,703.3018867924528,False,True,True,False,False,True,True,False,False,True,True,False,True,False,False,15.313570105978563
4473000,3162,3,1,2,1,1054.0,4,1414.6110056925995,False,True,True,False,True,False,True,False,False,True,True,False,True,False,False,15.313570105978563
4473000,3510,3,1,2,0,1170.0,4,1274.3589743589744,False,True,True,False,True,False,True,False,True,False,True,False,False,True,False,15.313570105978563
4445000,3750,2,1,1,0,1875.0,3,1185.3333333333333,False,True,False,True,False,True,True,False,True,False,True,False,False,True,False,15.307290651901996
4410000,3968,3,1,2,0,1322.6666666666667,4,1111.391129032258,True,False,True,False,True,False,True,False,True,False,True,False,False,True,False,15.299385474180372
4410000,4900,2,1,2,0,2450.0,3,900.0,False,True,True,False,False,True,True,False,True,False,True,False,False,True,False,15.299385474180372
4403000,2880,3,1,2,0,960.0,4,1528.8194444444443,False,True,True,False,True,False,True,False,True,False,False,True,False,True,False,15.29779691185574
4403000,4880,3,1,1,2,1626.6666666666667,4,902.2540983606557,False,True,True,False,True,False,True,False,True,False,False,True,False,False,True,15.29779691185574
4403000,4920,3,1,2,1,1640.0,4,894.9186991869918,False,True,True,False,True,False,True,False,True,False,True,False,False,True,False,15.29779691185574
4382000,4950,4,1,2,0,1237.5,5,885.2525252525253,False,True,True,False,True,False,True,False,False,True,True,False,False,True,False,15.293016027343821
4375000,3900,3,1,2,0,1300.0,4,1121.7948717948718,False,True,True,False,True,False,True,False,True,False,True,False,False,False,True,15.291417306345254
4340000,4500,3,2,3,1,1500.0,5,964.4444444444445,False,True,True,False,True,False,False,True,True,False,True,False,True,False,False,15.283385136491308
4340000,1905,5,1,2,0,381.0,6,2278.215223097113,True,False,True,False,False,True,True,False,True,False,True,False,False,True,False,15.283385136491308
4340000,4075,3,1,1,2,1358.3333333333333,4,1065.0306748466257,False,True,False,True,False,True,True,False,True,False,True,False,False,True,False,15.283385136491308
4340000,3500,4,1,2,2,875.0,5,1240.0,False,True,True,False,True,False,True,False,True,False,True,False,True,False,False,15.283385136491308
4340000,6450,4,1,2,0,1612.5,5,672.8682170542636,False,True,True,False,True,False,True,False,True,False,True,False,False,True,False,15.283385136491308
4319000,4032,2,1,1,0,2016.0,3,1071.1805555555557,False,True,True,False,False,True,True,False,True,False,True,False,True,False,False,15.278534683477888
4305000,4400,2,1,1,1,2200.0,3,978.4090909090909,False,True,True,False,True,False,True,False,True,False,True,False,False,True,False,15.275287928131979
4305000,10360,2,1,1,1,5180.0,3,415.5405405405405,False,True,True,False,True,False,True,False,True,False,False,True,False,True,False,15.275287928131979
4277000,3400,3,1,2,2,1133.3333333333333,4,1257.9411764705883,False,True,True,False,False,True,True,False,True,False,False,True,False,True,False,15.268762621017762
4270000,6360,2,1,1,0,3180.0,3,671.3836477987421,False,True,True,False,True,False,True,False,True,False,True,False,True,False,False,15.267124619396817
4270000,6360,2,1,2,0,3180.0,3,671.3836477987421,False,True,True,False,True,False,True,False,True,False,True,False,False,False,True,15.267124619396817
4270000,4500,2,1,1,2,2250.0,3,948.8888888888889,False,True,True,False,True,False,True,False,False,True,True,False,True,False,False,15.267124619396817
4270000,2175,3,1,2,0,725.0,4,1963.2183908045977,True,False,False,True,False,True,True,False,False,True,True,False,False,False,True,15.267124619396817
4270000,4360,4,1,2,0,1090.0,5,979.3577981651376,False,True,True,False,True,False,True,False,True,False,True,False,True,False,False,15.267124619396817
4270000,7770,2,1,1,1,3885.0,3,549.5495495495495,False,True,True,False,True,False,True,False,True,False,True,False,True,False,False,15.267124619396817
4235000,6650,3,1,2,0,2216.6666666666665,4,636.8421052631579,False,True,False,True,True,False,True,False,True,False,True,False,False,True,False,15.258894122195773
4235000,2787,3,1,1,0,929.0,4,1519.5550771438823,False,True,True,False,False,True,True,False,True,False,False,True,True,False,False,15.258894122195773
4200000,5500,3,1,2,0,1833.3333333333333,4,763.6363636363636,False,True,True,False,True,False,True,False,False,True,True,False,False,False,True,15.250595321348806
4200000,5040,3,1,2,0,1680.0,4,833.3333333333334,False,True,True,False,False,True,True,False,False,True,True,False,False,False,True,15.250595321348806
4200000,5850,2,1,1,2,2925.0,3,717.9487179487179,False,True,False,True,False,True,True,False,True,False,True,False,False,True,False,15.250595321348806
4200000,2610,4,3,2,0,652.5,7,1609.1954022988505,True,False,True,False,True,False,True,False,True,False,True,False,False,True,False,15.250595321348806
4200000,2953,3,1,2,0,984.3333333333334,4,1422.2824246528953,False,True,True,False,False,True,True,False,False,True,True,False,False,False,True,15.250595321348806
4200000,2747,4,2,2,0,686.75,6,1528.9406625409538,True,False,True,False,True,False,True,False,True,False,True,False,False,True,False,15.250595321348806
4200000,4410,2,1,1,1,2205.0,3,952.3809523809524,True,False,True,False,True,False,True,False,True,False,True,False,False,False,True,15.250595321348806
4200000,4000,4,2,2,0,1000.0,6,1050.0,True,False,True,False,True,False,True,False,True,False,True,False,False,True,False,15.250595321348806
4200000,2325,3,1,2,0,775.0,4,1806.4516129032259,True,False,True,False,True,False,True,False,True,False,True,False,False,True,False,15.250595321348806
4200000,4600,3,2,2,1,1533.3333333333333,5,913.0434782608696,False,True,True,False,True,False,True,False,False,True,True,False,False,True,False,15.250595321348806
4200000,3640,3,2,2,0,1213.3333333333333,5,1153.8461538461538,False,True,True,False,False,True,True,False,True,False,True,False,False,False,True,15.250595321348806
4200000,5800,3,1,1,2,1933.3333333333333,4,724.1379310344828,False,True,True,False,True,False,False,True,True,False,True,False,False,True,False,15.250595321348806
4200000,7000,3,1,1,3,2333.3333333333335,4,600.0,False,True,True,False,True,False,True,False,True,False,True,False,True,False,False,15.250595321348806
4200000,4079,3,1,3,0,1359.6666666666667,4,1029.6641333660211,False,True,True,False,True,False,True,False,True,False,True,False,False,True,False,15.250595321348806
4200000,3520,3,1,2,0,1173.3333333333333,4,1193.1818181818182,False,True,True,False,True,False,True,False,True,False,False,True,False,True,False,15.250595321348806
4200000,2145,3,1,3,1,715.0,4,1958.041958041958,False,True,True,False,True,False,True,False,True,False,False,True,False,False,True,15.250595321348806
4200000,4500,3,1,1,0,1500.0,4,933.3333333333334,False,True,True,False,False,True,True,False,True,False,True,False,True,False,False,15.250595321348806
4193000,8250,3,1,1,3,2750.0,4,508.24242424242425,False,True,True,False,False,True,True,False,True,False,True,False,False,True,False,15.248927264645598
4193000,3450,3,1,2,1,1150.0,4,1215.3623188405797,False,True,True,False,True,False,True,False,True,False,True,False,False,True,False,15.248927264645598
4165000,4840,3,1,2,1,1613.3333333333333,4,860.5371900826447,False,True,True,False,True,False,True,False,True,False,True,False,False,True,False,15.24222707367909
4165000,4080,3,1,2,2,1360.0,4,1020.8333333333334,False,True,True,False,True,False,True,False,True,False,True,False,False,True,False,15.24222707367909
4165000,4046,3,1,2,1,1348.6666666666667,4,1029.4117647058824,False,True,True,False,False,True,True,False,True,False,True,False,False,True,False,15.24222707367909
4130000,4632,4,1,2,0,1158.0,5,891.6234887737478,False,True,True,False,True,False,True,False,False,True,True,False,False,True,False,15.233788207067937
4130000,5985,3,1,1,0,1995.0,4,690.0584795321637,False,True,True,False,False,True,True,False,True,False,True,False,False,True,False,15.233788207067937
4123000,6060,2,1,1,1,3030.0,3,680.3630363036303,False,True,True,False,False,True,True,False,True,False,True,False,False,True,False,15.232091854230847
4098500,3600,3,1,1,0,1200.0,4,1138.4722222222222,False,True,True,False,False,True,True,False,False,True,False,True,True,False,False,15.226131855066896
4095000,3680,3,2,2,0,1226.6666666666667,5,1112.7717391304348,False,True,True,False,True,False,True,False,True,False,True,False,False,True,False,15.225277519469522
4095000,4040,2,1,2,1,2020.0,3,1013.6138613861386,False,True,True,False,True,False,True,False,True,False,True,False,False,True,False,15.225277519469522
4095000,5600,2,1,1,0,2800.0,3,731.25,False,True,True,False,True,False,True,False,False,True,True,False,False,True,False,15.225277519469522
4060000,5900,4,2,2,1,1475.0,6,688.1355932203389,True,False,True,False,False,True,True,False,True,False,True,False,False,False,True,15.216693777883304
4060000,4992,3,2,2,2,1664.0,5,813.3012820512821,False,True,True,False,True,False,True,False,True,False,True,False,False,False,True,15.216693777883304
4060000,4340,3,1,1,0,1446.6666666666667,4,935.483870967742,False,True,True,False,True,False,True,False,True,False,True,False,False,True,False,15.216693777883304
4060000,3000,4,1,3,2,750.0,5,1353.3333333333333,False,True,True,False,False,True,True,False,False,True,True,False,False,True,False,15.216693777883304
4060000,4320,3,1,2,2,1440.0,4,939.8148148148148,False,True,True,False,True,False,True,False,True,False,False,True,True,False,False,15.216693777883304
4025000,3630,3,2,2,2,1210.0,5,1108.8154269972451,False,True,True,False,True,False,False,True,True,False,True,False,False,True,False,15.208035717281975
4025000,3460,3,2,1,1,1153.3333333333333,5,1163.2947976878613,False,True,True,False,False,True,True,False,False,True,True,False,True,False,False,15.208035717281975
4025000,5400,3,1,1,3,1800.0,4,745.3703703703703,False,True,True,False,True,False,True,False,True,False,True,False,False,True,False,15.208035717281975
4007500,4500,3,1,2,0,1500.0,4,890.5555555555555,True,False,True,False,False,True,True,False,False,True,True,False,False,True,False,15.203678412997942
4007500,3460,4,1,2,0,865.0,5,1158.236994219653,False,True,True,False,True,False,True,False,False,True,True,False,False,True,False,15.203678412997942
3990000,4100,4,1,1,0,1025.0,5,973.170731707317,True,False,True,False,False,True,True,False,True,False,True,False,False,False,True,15.199302039492581
3990000,6480,3,1,2,1,2160.0,4,615.7407407407408,True,False,True,False,True,False,True,False,False,True,True,False,False,True,False,15.199302039492581
3990000,4500,3,2,2,0,1500.0,5,886.6666666666666,True,False,True,False,False,True,True,False,False,True,True,False,False,True,False,15.199302039492581
3990000,3960,3,1,2,0,1320.0,4,1007.5757575757576,False,True,True,False,True,False,True,False,True,False,True,False,True,False,False,15.199302039492581
3990000,4050,2,1,2,0,2025.0,3,985.1851851851852,False,True,False,True,False,True,True,False,True,False,False,True,False,False,True,15.199302039492581
3920000,7260,3,2,1,3,2420.0,5,539.9449035812672,False,True,False,True,False,True,True,False,True,False,True,False,True,False,False,15.181602466868654
3920000,5500,4,1,2,0,1375.0,5,712.7272727272727,False,True,False,True,False,True,True,False,True,False,True,False,False,True,False,15.181602466868654
3920000,3000,3,1,2,0,1000.0,4,1306.6666666666667,False,True,True,False,True,False,True,False,True,False,True,False,False,True,False,15.181602466868654
3920000,3290,2,1,1,1,1645.0,3,1191.4893617021276,False,True,True,False,True,False,False,True,True,False,True,False,True,False,False,15.181602466868654
3920000,3816,2,1,1,2,1908.0,3,1027.2536687631027,False,True,True,False,False,True,True,False,False,True,True,False,True,False,False,15.181602466868654
3920000,8080,3,1,1,2,2693.3333333333335,4,485.1485148514852,False,True,True,False,True,False,True,False,False,True,True,False,False,True,False,15.181602466868654
3920000,2145,4,2,1,0,536.25,6,1827.5058275058275,False,True,True,False,False,True,True,False,True,False,False,True,False,False,True,15.181602466868654
3885000,3780,2,1,2,0,1890.0,3,1027.7777777777778,False,True,False,True,False,True,True,False,True,False,True,False,False,True,False,15.172633799184108
3885000,3180,4,2,2,0,795.0,6,1221.698113207547,False,True,True,False,True,False,True,False,True,False,True,False,True,False,False,15.172633799184108
3850000,5300,5,2,2,0,1060.0,7,726.4150943396227,False,True,True,False,True,False,True,False,True,False,True,False,False,True,False,15.163583966004193
3850000,3180,2,2,1,2,1590.0,4,1210.691823899371,False,True,True,False,False,True,True,False,True,False,True,False,False,True,False,15.163583966004193
3850000,7152,3,1,2,0,2384.0,4,538.3109619686801,False,True,True,False,True,False,True,False,False,True,True,False,True,False,False,15.163583966004193
3850000,4080,2,1,1,0,2040.0,3,943.6274509803922,False,True,True,False,True,False,True,False,True,False,True,False,False,True,False,15.163583966004193
3850000,3850,2,1,1,0,1925.0,3,1000.0,False,True,True,False,True,False,True,False,True,False,True,False,False,True,False,15.163583966004193
3850000,2015,3,1,2,0,671.6666666666666,4,1910.6699751861042,False,True,True,False,False,True,True,False,True,False,False,True,False,True,False,15.163583966004193
3850000,2176,2,1,2,0,1088.0,3,1769.3014705882354,False,True,False,True,True,False,True,False,True,False,False,True,False,True,False,15.163583966004193
3836000,3350,3,1,2,0,1116.6666666666667,4,1145.0746268656717,False,True,True,False,True,False,True,False,True,False,True,False,False,False,True,15.15994097567365
3815000,3150,2,2,1,0,1575.0,4,1211.111111111111,True,False,True,False,False,True,True,False,True,False,True,False,False,True,False,15.154451484823857
3780000,4820,3,1,2,0,1606.6666666666667,4,784.2323651452282,False,True,True,False,True,False,True,False,True,False,True,False,False,True,False,15.145234832146
3780000,3420,2,1,2,1,1710.0,3,1105.2631578947369,False,True,True,False,True,False,False,True,True,False,True,False,False,True,False,15.145234832146
3780000,3600,2,1,1,0,1800.0,3,1050.0,False,True,True,False,True,False,True,False,True,False,True,False,False,True,False,15.145234832146
3780000,5830,2,1,1,2,2915.0,3,648.3704974271012,False,True,True,False,True,False,True,False,True,False,True,False,False,False,True,15.145234832146
3780000,2856,3,1,3,0,952.0,4,1323.5294117647059,False,True,True,False,True,False,True,False,True,False,False,True,True,False,False,15.145234832146
3780000,8400,2,1,1,1,4200.0,3,450.0,False,True,True,False,True,False,True,False,True,False,True,False,True,False,False,15.145234832146
3773000,8250,3,1,1,2,2750.0,4,457.3333333333333,False,True,True,False,True,False,True,False,True,False,True,False,True,False,False,15.143381263987493
3773000,2520,5,2,1,1,504.0,7,1497.2222222222222,True,False,True,False,False,True,True,False,False,True,True,False,True,False,False,15.143381263987493
3773000,6930,4,1,2,1,1732.5,5,544.4444444444445,True,False,True,False,True,False,True,False,True,False,True,False,True,False,False,15.143381263987493
3745000,3480,2,1,1,0,1740.0,3,1076.1494252873563,False,True,True,False,True,False,True,False,True,False,False,True,False,True,False,15.135932441956118
3710000,3600,3,1,1,1,1200.0,4,1030.5555555555557,False,True,True,False,True,False,True,False,True,False,True,False,False,False,True,15.126542704125361
3710000,4040,2,1,1,0,2020.0,3,918.3168316831683,False,True,True,False,True,False,True,False,True,False,True,False,False,True,False,15.126542704125361
3710000,6020,3,1,1,0,2006.6666666666667,4,616.2790697674419,False,True,True,False,True,False,True,False,True,False,True,False,False,True,False,15.126542704125361
3710000,4050,2,1,1,0,2025.0,3,916.0493827160494,False,True,True,False,True,False,True,False,True,False,True,False,True,False,False,15.126542704125361
3710000,3584,2,1,1,0,1792.0,3,1035.15625,False,True,True,False,True,False,False,True,True,False,True,False,False,True,False,15.126542704125361
3703000,3120,3,1,2,0,1040.0,4,1186.8589743589744,True,False,True,False,False,True,False,True,True,False,True,False,False,True,False,15.124654129947023
3703000,5450,2,1,1,0,2725.0,3,679.4495412844037,False,True,True,False,True,False,True,False,True,False,True,False,True,False,False,15.124654129947023
3675000,3630,2,1,1,0,1815.0,3,1012.396694214876,False,True,True,False,False,True,True,False,True,False,True,False,True,False,False,15.11706396273788
3675000,3630,2,1,1,0,1815.0,3,1012.396694214876,False,True,True,False,True,False,True,False,False,True,True,False,False,False,True,15.11706396273788
3675000,5640,2,1,1,0,2820.0,3,651.5957446808511,True,False,True,False,True,False,True,False,True,False,True,False,False,True,False,15.11706396273788
3675000,3600,2,1,1,0,1800.0,3,1020.8333333333334,False,True,True,False,True,False,True,False,True,False,True,False,True,False,False,15.11706396273788
3640000,4280,2,1,1,2,2140.0,3,850.4672897196261,False,True,True,False,True,False,True,False,False,True,True,False,False,True,False,15.10749451433816
3640000,3570,3,1,2,0,1190.0,4,1019.6078431372549,False,True,True,False,False,True,True,False,True,False,True,False,False,True,False,15.10749451433816
3640000,3180,3,1,2,0,1060.0,4,1144.6540880503144,True,False,True,False,False,True,True,False,True,False,True,False,False,True,False,15.10749451433816
3640000,3000,2,1,2,0,1500.0,3,1213.3333333333333,False,True,True,False,True,False,True,False,False,True,True,False,True,False,False,15.10749451433816
3640000,3520,2,2,1,0,1760.0,4,1034.090909090909,False,True,True,False,False,True,True,False,True,False,True,False,False,True,False,15.10749451433816
3640000,5960,3,1,2,0,1986.6666666666667,4,610.738255033557,False,True,False,True,False,True,True,False,True,False,True,False,False,False,True,15.10749451433816
3640000,4130,3,2,2,2,1376.6666666666667,5,881.3559322033898,False,True,True,False,True,False,True,False,True,False,True,False,False,True,False,15.10749451433816
3640000,2850,3,2,2,0,950.0,5,1277.1929824561403,True,False,True,False,False,True,True,False,True,False,False,True,False,False,True,15.10749451433816
3640000,2275,3,1,3,0,758.3333333333334,4,1600.0,False,True,True,False,True,False,False,True,False,True,False,True,False,True,False,15.10749451433816
3633000,3520,3,1,1,2,1173.3333333333333,4,1032.1022727272727,False,True,True,False,True,False,True,False,True,False,False,True,False,False,True,15.105569586457912
3605000,4500,2,1,1,0,2250.0,3,801.1111111111111,False,True,True,False,True,False,True,False,True,False,True,False,False,True,False,15.09783260609366
3605000,4000,2,1,1,0,2000.0,3,901.25,False,True,True,False,True,False,True,False,True,False,False,True,False,True,False,15.09783260609366
3570000,3150,3,1,2,0,1050.0,4,1133.3333333333333,False,True,True,False,False,True,True,False,True,False,True,False,True,False,False,15.088076433867828
3570000,4500,4,2,2,2,1125.0,6,793.3333333333334,False,True,True,False,False,True,True,False,True,False,True,False,True,False,False,15.088076433867828
3570000,4500,2,1,1,0,2250.0,3,793.3333333333334,True,False,True,False,True,False,True,False,True,False,True,False,True,False,False,15.088076433867828
3570000,3640,2,1,1,0,1820.0,3,980.7692307692307,False,True,True,False,True,False,True,False,True,False,True,False,False,False,True,15.088076433867828
3535000,3850,3,1,1,2,1283.3333333333333,4,918.1818181818181,False,True,True,False,True,False,True,False,True,False,True,False,False,False,True,15.078224140198202
3500000,4240,3,1,2,0,1413.3333333333333,4,825.4716981132076,False,True,True,False,True,False,True,False,False,True,True,False,False,True,False,15.068273812173887
3500000,3650,3,1,2,0,1216.6666666666667,4,958.9041095890411,False,True,True,False,True,False,True,False,True,False,True,False,False,False,True,15.068273812173887
3500000,4600,4,1,2,0,1150.0,5,760.8695652173913,False,True,True,False,True,False,True,False,True,False,True,False,False,True,False,15.068273812173887
3500000,2135,3,2,2,0,711.6666666666666,5,1639.344262295082,True,False,True,False,True,False,True,False,True,False,True,False,False,False,True,15.068273812173887
3500000,3036,3,1,2,0,1012.0,4,1152.832674571805,False,True,True,False,False,True,True,False,True,False,True,False,False,True,False,15.068273812173887
3500000,3990,3,1,2,0,1330.0,4,877.1929824561404,False,True,True,False,True,False,True,False,True,False,True,False,False,True,False,15.068273812173887
3500000,7424,3,1,1,0,2474.6666666666665,4,471.4439655172414,True,False,True,False,True,False,True,False,True,False,True,False,False,False,True,15.068273812173887
3500000,3480,3,1,1,0,1160.0,4,1005.7471264367816,True,False,True,False,True,False,True,False,False,True,True,False,False,False,True,15.068273812173887
3500000,3600,6,1,2,1,600.0,7,972.2222222222222,False,True,True,False,True,False,True,False,True,False,True,False,False,False,True,15.068273812173887
3500000,3640,2,1,1,1,1820.0,3,961.5384615384615,False,True,True,False,True,False,True,False,True,False,True,False,False,True,False,15.068273812173887
3500000,5900,2,1,1,1,2950.0,3,593.2203389830509,False,True,True,False,True,False,True,False,True,False,True,False,True,False,False,15.068273812173887
3500000,3120,3,1,2,1,1040.0,4,1121.7948717948718,False,True,True,False,True,False,True,False,True,False,True,False,False,False,True,15.068273812173887
3500000,7350,2,1,1,1,3675.0,3,476.1904761904762,False,True,True,False,True,False,True,False,True,False,True,False,False,True,False,15.068273812173887
3500000,3512,2,1,1,1,1756.0,3,996.5831435079726,False,True,True,False,True,False,True,False,True,False,False,True,False,False,True,15.068273812173887
3500000,9500,3,1,2,3,3166.6666666666665,4,368.42105263157896,False,True,True,False,True,False,True,False,True,False,False,True,False,False,True,15.068273812173887
3500000,5880,2,1,1,0,2940.0,3,595.2380952380952,False,True,True,False,True,False,True,False,True,False,True,False,False,False,True,15.068273812173887
3500000,12944,3,1,1,0,4314.666666666667,4,270.39555006180467,False,True,True,False,True,False,True,False,True,False,True,False,False,False,True,15.068273812173887
3493000,4900,3,1,2,0,1633.3333333333333,4,712.8571428571429,True,False,True,False,True,False,True,False,True,False,True,False,False,False,True,15.066271810075788
3465000,3060,3,1,1,0,1020.0,4,1132.3529411764705,False,True,True,False,True,False,True,False,True,False,True,False,False,False,True,15.058223479206388
3465000,5320,2,1,1,1,2660.0,3,651.3157894736842,False,True,True,False,True,False,True,False,True,False,False,True,False,False,True,15.058223479206388
3465000,2145,3,1,3,0,715.0,4,1615.3846153846155,False,True,True,False,True,False,True,False,True,False,False,True,True,False,False,15.058223479206388
3430000,4000,2,1,1,0,2000.0,3,857.5,False,True,True,False,True,False,True,False,True,False,True,False,False,False,True,15.04807111068727
3430000,3185,2,1,1,2,1592.5,3,1076.923076923077,False,True,True,False,True,False,True,False,True,False,True,False,False,False,True,15.04807111068727
3430000,3850,3,1,1,0,1283.3333333333333,4,890.9090909090909,False,True,True,False,True,False,True,False,True,False,True,False,False,False,True,15.04807111068727
3430000,2145,3,1,3,0,715.0,4,1599.067599067599,False,True,True,False,True,False,True,False,True,False,False,True,True,False,False,15.04807111068727
3430000,2610,3,1,2,0,870.0,4,1314.176245210728,False,True,True,False,False,True,True,False,True,False,False,True,False,False,True,15.04807111068727
3430000,1950,3,2,2,0,650.0,5,1758.974358974359,False,True,True,False,False,True,True,False,True,False,False,True,False,False,True,15.04807111068727
3423000,4040,2,1,1,0,2020.0,3,847.2772277227723,False,True,True,False,True,False,True,False,True,False,True,False,False,False,True,15.046028209653675
3395000,4785,3,1,2,1,1595.0,4,709.5088819226751,False,True,False,True,False,True,True,False,False,True,True,False,True,False,False,15.0378146135257
3395000,3450,3,1,1,2,1150.0,4,984.0579710144928,False,True,True,False,False,True,True,False,True,False,True,False,False,False,True,15.0378146135257
3395000,3640,2,1,1,0,1820.0,3,932.6923076923077,False,True,True,False,True,False,True,False,True,False,True,False,True,False,False,15.0378146135257
3360000,3500,4,1,2,2,875.0,5,960.0,False,True,True,False,True,False,True,False,False,True,True,False,False,False,True,15.027451829558391
3360000,4960,4,1,3,0,1240.0,5,677.4193548387096,True,False,True,False,True,False,True,False,True,False,True,False,False,True,False,15.027451829558391
3360000,4120,2,1,2,0,2060.0,3,815.5339805825242,False,True,True,False,True,False,True,False,True,False,True,False,False,False,True,15.027451829558391
3360000,4750,2,1,1,0,2375.0,3,707.3684210526316,False,True,True,False,True,False,True,False,True,False,True,False,False,False,True,15.027451829558391
3360000,3720,2,1,1,0,1860.0,3,903.2258064516129,True,False,True,False,True,False,True,False,False,True,True,False,False,False,True,15.027451829558391
3360000,3750,3,1,1,0,1250.0,4,896.0,False,True,True,False,True,False,True,False,True,False,True,False,False,False,True,15.027451829558391
3360000,3100,3,1,2,0,1033.3333333333333,4,1083.8709677419354,True,False,True,False,False,True,True,False,True,False,True,False,False,True,False,15.027451829558391
3360000,3185,2,1,1,2,1592.5,3,1054.9450549450548,False,True,True,False,False,True,True,False,True,False,True,False,True,False,False,15.027451829558391
3353000,2700,3,1,1,0,900.0,4,1241.851851851852,True,False,True,False,True,False,True,False,True,False,True,False,True,False,False,15.025366323688703
3332000,2145,3,1,2,0,715.0,4,1553.3799533799533,False,True,True,False,False,True,True,False,True,False,False,True,True,False,False,15.019083582388873
3325000,4040,2,1,1,1,2020.0,3,823.019801980198,False,True,True,False,True,False,True,False,True,False,True,False,False,False,True,15.016980532823926
3325000,4775,4,1,2,0,1193.75,5,696.3350785340314,False,True,True,False,True,False,True,False,True,False,True,False,False,False,True,15.016980532823926
3290000,2500,2,1,1,0,1250.0,3,1316.0,True,False,True,False,True,False,True,False,False,True,True,False,False,False,True,15.006398426692876
3290000,3180,4,1,2,0,795.0,5,1034.5911949685535,False,True,True,False,False,True,True,False,False,True,True,False,False,False,True,15.006398426692876
3290000,6060,3,1,1,0,2020.0,4,542.9042904290429,False,True,False,True,False,True,True,False,True,False,True,False,True,False,False,15.006398426692876
3290000,3480,4,1,2,1,870.0,5,945.4022988505748,True,False,True,False,True,False,True,False,True,False,True,False,False,True,False,15.006398426692876
3290000,3792,4,1,2,0,948.0,5,867.6160337552743,False,True,True,False,True,False,True,False,True,False,True,False,False,True,False,15.006398426692876
3290000,4040,2,1,1,0,2020.0,3,814.3564356435644,False,True,True,False,True,False,True,False,True,False,True,False,False,False,True,15.006398426692876
3290000,2145,3,1,2,0,715.0,4,1533.7995337995337,False,True,True,False,False,True,True,False,True,False,False,True,True,False,False,15.006398426692876
3290000,5880,3,1,1,1,1960.0,4,559.5238095238095,False,True,True,False,True,False,True,False,True,False,True,False,False,False,True,15.006398426692876
3255000,4500,2,1,1,0,2250.0,3,723.3333333333334,True,False,True,False,True,False,True,False,True,False,True,False,False,True,False,14.995703140844421
3255000,3930,2,1,1,0,1965.0,3,828.2442748091603,True,False,True,False,True,False,True,False,True,False,True,False,False,False,True,14.995703140844421
3234000,3640,4,1,2,0,910.0,5,888.4615384615385,False,True,True,False,False,True,True,False,True,False,True,False,False,False,True,14.989230628333736
3220000,4370,3,1,2,0,1456.6666666666667,4,736.8421052631579,False,True,True,False,True,False,True,False,True,False,True,False,False,False,True,14.984892228079548
3220000,2684,2,1,1,1,1342.0,3,1199.7019374068554,False,True,True,False,True,False,True,False,False,True,True,False,False,False,True,14.984892228079548
3220000,4320,3,1,1,1,1440.0,4,745.3703703703703,True,False,True,False,True,False,True,False,True,False,True,False,False,False,True,14.984892228079548
3220000,3120,3,1,2,0,1040.0,4,1032.051282051282,True,False,True,False,True,False,True,False,True,False,True,False,True,False,False,14.984892228079548
3150000,3450,1,1,1,0,3450.0,2,913.0434782608696,False,True,True,False,True,False,True,False,True,False,True,False,True,False,False,14.962913328262083
3150000,3986,2,2,1,1,1993.0,4,790.2659307576517,True,False,False,True,False,True,True,False,True,False,True,False,False,False,True,14.962913328262083
3150000,3500,2,1,1,0,1750.0,3,900.0,True,False,True,False,False,True,True,False,True,False,True,False,False,True,False,14.962913328262083
3150000,4095,2,1,1,2,2047.5,3,769.2307692307693,False,True,True,False,True,False,True,False,True,False,True,False,False,True,False,14.962913328262083
3150000,1650,3,1,2,0,550.0,4,1909.090909090909,True,False,True,False,False,True,True,False,True,False,True,False,False,False,True,14.962913328262083
3150000,3450,3,1,2,0,1150.0,4,913.0434782608696,False,True,True,False,False,True,True,False,True,False,True,False,False,True,False,14.962913328262083
3150000,6750,2,1,1,0,3375.0,3,466.6666666666667,False,True,True,False,True,False,True,False,True,False,True,False,False,True,False,14.962913328262083
3150000,9000,3,1,2,2,3000.0,4,350.0,False,True,True,False,True,False,True,False,True,False,True,False,False,True,False,14.962913328262083
3150000,3069,2,1,1,1,1534.5,3,1026.392961876833,False,True,True,False,True,False,True,False,True,False,True,False,False,False,True,14.962913328262083
3143000,4500,3,1,2,0,1500.0,4,698.4444444444445,False,True,True,False,True,False,True,False,False,True,True,False,False,False,True,14.96068863394701
3129000,5495,3,1,1,0,1831.6666666666667,4,569.4267515923567,False,True,True,False,False,True,True,False,True,False,True,False,False,False,True,14.956224342241892
3118850,2398,3,1,1,0,799.3333333333334,4,1300.604670558799,False,True,True,False,True,False,True,False,True,False,False,True,False,True,False,14.95297522272713
3115000,3000,3,1,1,0,1000.0,4,1038.3333333333333,True,False,True,False,True,False,True,False,False,True,True,False,False,False,True,14.951740031230926
3115000,3850,3,1,2,0,1283.3333333333333,4,809.0909090909091,False,True,True,False,True,False,True,False,True,False,True,False,False,False,True,14.951740031230926
3115000,3500,2,1,1,0,1750.0,3,890.0,False,True,True,False,True,False,True,False,True,False,True,False,False,False,True,14.951740031230926
3087000,8100,2,1,1,1,4050.0,3,381.1111111111111,False,True,True,False,True,False,True,False,True,False,True,False,False,False,True,14.942710627423343
3080000,4960,2,1,1,0,2480.0,3,620.9677419354839,False,True,True,False,False,True,True,False,False,True,True,False,False,False,True,14.940440479625028
3080000,2160,3,1,2,0,720.0,4,1425.9259259259259,True,False,True,False,False,True,True,False,True,False,True,False,False,True,False,14.940440479625028
3080000,3090,2,1,1,0,1545.0,3,996.7637540453075,False,True,False,True,False,True,True,False,True,False,True,False,False,False,True,14.940440479625028
3080000,4500,2,1,2,1,2250.0,3,684.4444444444445,False,True,True,False,True,False,False,True,True,False,True,False,False,True,False,14.940440479625028
3045000,3800,2,1,1,0,1900.0,3,801.3157894736842,False,True,True,False,True,False,True,False,True,False,True,False,False,False,True,14.929011787533305
3010000,3090,3,1,2,0,1030.0,4,974.1100323624595,True,False,True,False,True,False,True,False,True,False,True,False,False,True,False,14.917450968950916
3010000,3240,3,1,2,2,1080.0,4,929.0123456790124,False,True,True,False,True,False,True,False,True,False,True,False,False,True,False,14.917450968950916
3010000,2835,2,1,1,0,1417.5,3,1061.7283950617284,False,True,True,False,True,False,True,False,True,False,True,False,False,True,False,14.917450968950916
3010000,4600,2,1,1,0,2300.0,3,654.3478260869565,False,True,True,False,True,False,True,False,True,False,True,False,True,False,False,14.917450968950916
3010000,5076,3,1,1,0,1692.0,4,592.9866036249015,True,False,True,False,True,False,True,False,True,False,True,False,False,False,True,14.917450968950916
3010000,3750,3,1,2,0,1250.0,4,802.6666666666666,False,True,True,False,True,False,True,False,True,False,True,False,False,False,True,14.917450968950916
3010000,3630,4,1,2,3,907.5,5,829.2011019283747,False,True,True,False,True,False,True,False,True,False,True,False,False,True,False,14.917450968950916
3003000,8050,2,1,1,0,4025.0,3,373.04347826086956,False,True,True,False,True,False,True,False,True,False,True,False,False,False,True,14.915122679965744
2975000,4352,4,1,2,1,1088.0,5,683.59375,True,False,True,False,True,False,True,False,True,False,True,False,False,False,True,14.905754933096265
2961000,3000,2,1,2,0,1500.0,3,987.0,False,True,True,False,True,False,True,False,True,False,True,False,False,True,False,14.901037944807413
2940000,5850,3,1,2,1,1950.0,4,502.56410256410254,False,True,True,False,False,True,True,False,True,False,True,False,False,False,True,14.89392047945086
2940000,4960,2,1,1,0,2480.0,3,592.741935483871,False,True,True,False,True,False,True,False,True,False,True,False,False,False,True,14.89392047945086
2940000,3600,3,1,2,1,1200.0,4,816.6666666666666,True,False,True,False,True,False,True,False,True,False,True,False,False,False,True,14.89392047945086
2940000,3660,4,1,2,0,915.0,5,803.2786885245902,True,False,True,False,True,False,True,False,True,False,True,False,False,False,True,14.89392047945086
2940000,3480,3,1,2,1,1160.0,4,844.8275862068965,True,False,True,False,True,False,True,False,True,False,True,False,False,True,False,14.89392047945086
2940000,2700,2,1,1,0,1350.0,3,1088.888888888889,True,False,True,False,True,False,True,False,True,False,True,False,True,False,False,14.89392047945086
2940000,3150,3,1,2,0,1050.0,4,933.3333333333334,True,False,True,False,True,False,True,False,True,False,True,False,False,False,True,14.89392047945086
2940000,6615,3,1,2,0,2205.0,4,444.44444444444446,False,True,True,False,True,False,True,False,True,False,True,False,False,True,False,14.89392047945086
2870000,3040,2,1,1,0,1520.0,3,944.078947368421,True,False,True,False,True,False,True,False,True,False,True,False,False,False,True,14.869822936167798
2870000,3630,2,1,1,0,1815.0,3,790.633608815427,False,True,True,False,True,False,True,False,True,False,True,False,False,False,True,14.869822936167798
2870000,6000,2,1,1,0,3000.0,3,478.3333333333333,False,True,True,False,True,False,True,False,True,False,True,False,False,True,False,14.869822936167798
2870000,5400,4,1,2,0,1350.0,5,531.4814814814815,False,True,True,False,True,False,True,False,True,False,True,False,False,False,True,14.869822936167798
2852500,5200,4,1,3,0,1300.0,5,548.5576923076923,False,True,True,False,True,False,True,False,True,False,True,False,False,False,True,14.863706711287982
2835000,3300,3,1,2,1,1100.0,4,859.0909090909091,True,False,True,False,True,False,True,False,True,False,True,False,False,True,False,14.857552847877614
2835000,4350,3,1,2,1,1450.0,4,651.7241379310345,True,False,True,False,True,False,False,True,True,False,True,False,False,False,True,14.857552847877614
2835000,2640,2,1,1,1,1320.0,3,1073.8636363636363,True,False,True,False,True,False,True,False,True,False,True,False,True,False,False,14.857552847877614
2800000,2650,3,1,2,1,883.3333333333334,4,1056.6037735849056,False,True,True,False,False,True,True,False,True,False,True,False,False,False,True,14.845130332288226
2800000,3960,3,1,1,0,1320.0,4,707.070707070707,False,True,True,False,True,False,True,False,True,False,True,False,True,False,False,14.845130332288226
2730000,6800,2,1,1,0,3400.0,3,401.47058823529414,False,True,True,False,True,False,True,False,True,False,True,False,False,False,True,14.819812533461441
2730000,4000,3,1,2,1,1333.3333333333333,4,682.5,False,True,True,False,True,False,True,False,True,False,True,False,False,False,True,14.819812533461441
2695000,4000,2,1,1,0,2000.0,3,673.75,False,True,True,False,True,False,True,False,True,False,True,False,False,False,True,14.80690913338268
2660000,3934,2,1,1,0,1967.0,3,676.1565836298932,False,True,True,False,True,False,True,False,True,False,True,False,False,False,True,14.793837056697662
2660000,2000,2,1,2,0,1000.0,3,1330.0,False,True,True,False,True,False,True,False,True,False,True,False,False,True,False,14.793837056697662
2660000,3630,3,3,2,0,1210.0,6,732.7823691460055,True,False,False,True,True,False,True,False,True,False,True,False,False,False,True,14.793837056697662
2660000,2800,3,1,1,0,933.3333333333334,4,950.0,False,True,True,False,True,False,True,False,True,False,True,False,False,False,True,14.793837056697662
2660000,2430,3,1,1,0,810.0,4,1094.6502057613168,True,False,True,False,True,False,True,False,True,False,True,False,False,False,True,14.793837056697662
2660000,3480,2,1,1,1,1740.0,3,764.3678160919541,False,True,True,False,True,False,True,False,True,False,True,False,False,True,False,14.793837056697662
2660000,4000,3,1,1,0,1333.3333333333333,4,665.0,False,True,True,False,True,False,True,False,True,False,True,False,False,True,False,14.793837056697662
2653000,3185,2,1,1,0,1592.5,3,832.967032967033,False,True,True,False,True,False,True,False,False,True,True,False,False,False,True,14.791202010051581
2653000,4000,3,1,2,0,1333.3333333333333,4,663.25,False,True,True,False,True,False,True,False,False,True,True,False,False,False,True,14.791202010051581
2604000,2910,2,1,1,0,1455.0,3,894.8453608247422,True,False,True,False,True,False,True,False,True,False,True,False,False,False,True,14.7725596663351
2590000,3600,2,1,1,0,1800.0,3,719.4444444444445,False,True,True,False,True,False,True,False,True,False,True,False,False,False,True,14.767168819776032
2590000,4400,2,1,1,0,2200.0,3,588.6363636363636,False,True,True,False,True,False,True,False,True,False,True,False,False,False,True,14.767168819776032
2590000,3600,2,2,2,1,1800.0,4,719.4444444444445,False,True,True,False,False,True,True,False,True,False,True,False,True,False,False,14.767168819776032
2520000,2880,3,1,1,0,960.0,4,875.0,True,False,True,False,True,False,True,False,True,False,True,False,False,False,True,14.739769856312924
2520000,3180,3,1,1,0,1060.0,4,792.4528301886793,True,False,True,False,True,False,True,False,True,False,True,False,False,False,True,14.739769856312924
2520000,3000,2,1,2,0,1500.0,3,840.0,False,True,True,False,True,False,True,False,True,False,True,False,True,False,False,14.739769856312924
2485000,4400,3,1,2,0,1466.6666666666667,4,564.7727272727273,False,True,True,False,True,False,True,False,True,False,True,False,False,False,True,14.725783619927272
2485000,3000,3,1,2,0,1000.0,4,828.3333333333334,True,False,True,False,True,False,True,False,True,False,True,False,False,True,False,14.725783619927272
2450000,3210,3,1,2,0,1070.0,4,763.2398753894081,False,True,True,False,False,True,True,False,True,False,True,False,False,False,True,14.711598990684092
2450000,3240,2,1,1,1,1620.0,3,756.1728395061729,True,False,False,True,True,False,True,False,True,False,True,False,False,False,True,14.711598990684092
2450000,3000,2,1,1,1,1500.0,3,816.6666666666666,False,True,True,False,True,False,True,False,True,False,True,False,False,False,True,14.711598990684092
2450000,3500,2,1,1,0,1750.0,3,700.0,False,True,False,True,True,False,True,False,True,False,True,False,False,False,True,14.711598990684092
2450000,4840,2,1,2,0,2420.0,3,506.198347107438,False,True,True,False,True,False,True,False,True,False,True,False,False,False,True,14.711598990684092
2450000,7700,2,1,1,0,3850.0,3,318.1818181818182,False,True,True,False,True,False,True,False,True,False,True,False,False,False,True,14.711598990684092
2408000,3635,2,1,1,0,1817.5,3,662.4484181568088,True,False,True,False,True,False,True,False,True,False,True,False,False,False,True,14.694307500693155
2380000,2475,3,1,2,0,825.0,4,961.6161616161617,False,True,True,False,True,False,True,False,True,False,True,False,True,False,False,14.682611465815636
2380000,2787,4,2,2,0,696.75,6,853.9648367420165,False,True,True,False,True,False,True,False,True,False,True,False,True,False,False,14.682611465815636
2380000,3264,2,1,1,0,1632.0,3,729.1666666666666,False,True,True,False,True,False,True,False,True,False,True,False,False,False,True,14.682611465815636
2345000,3640,2,1,1,0,1820.0,3,644.2307692307693,False,True,True,False,True,False,True,False,True,False,True,False,False,False,True,14.667796386301658
2310000,3180,2,1,1,0,1590.0,3,726.4150943396227,False,True,True,False,True,False,True,False,True,False,True,False,False,False,True,14.652758515398315
2275000,1836,2,1,1,0,918.0,3,1239.1067538126363,True,False,True,False,False,True,True,False,True,False,True,False,False,True,False,14.637491049927531
2275000,3970,1,1,1,0,3970.0,2,573.0478589420655,True,False,True,False,True,False,True,False,True,False,True,False,False,False,True,14.637491049927531
2275000,3970,3,1,2,0,1323.3333333333333,4,573.0478589420655,False,True,True,False,False,True,True,False,True,False,True,False,False,False,True,14.637491049927531
2240000,1950,3,1,1,0,650.0,4,1148.7179487179487,True,False,True,False,True,False,False,True,True,False,True,False,False,False,True,14.621986870259695
2233000,5300,3,1,1,0,1766.6666666666667,4,421.3207547169811,True,False,True,False,True,False,True,False,False,True,False,True,False,False,True,14.618856978650228
2135000,3000,2,1,1,0,1500.0,3,711.6666666666666,True,False,True,False,True,False,True,False,True,False,True,False,False,False,True,14.573977673028827
2100000,2400,3,1,2,0,800.0,4,875.0,False,True,True,False,True,False,True,False,True,False,True,False,False,False,True,14.557448378884015
2100000,3000,4,1,2,0,750.0,5,700.0,False,True,True,False,True,False,True,False,True,False,True,False,False,False,True,14.557448378884015
2100000,3360,2,1,1,1,1680.0,3,625.0,False,True,True,False,True,False,True,False,True,False,True,False,False,False,True,14.557448378884015
1960000,3420,5,1,2,0,684.0,6,573.0994152046784,True,False,True,False,True,False,True,False,True,False,True,False,False,False,True,14.488455541410652
1890000,1700,3,1,2,0,566.6666666666666,4,1111.764705882353,False,True,True,False,True,False,True,False,True,False,True,False,False,False,True,14.452087916136215
1890000,3649,2,1,1,0,1824.5,3,517.9501233214579,False,True,True,False,True,False,True,False,True,False,True,False,False,False,True,14.452087916136215
1855000,2990,2,1,1,1,1495.0,3,620.4013377926422,True,False,True,False,True,False,True,False,True,False,True,False,False,False,True,14.433395793107085
1820000,3000,2,1,1,2,1500.0,3,606.6666666666666,False,True,True,False,False,True,True,False,True,False,True,False,False,False,True,14.414347608503377
1767150,2400,3,1,1,0,800.0,4,736.3125,True,False,True,False,True,False,True,False,True,False,True,False,False,True,False,14.384879203225134
1750000,3620,2,1,1,0,1810.0,3,483.42541436464086,False,True,True,False,True,False,True,False,True,False,True,False,False,False,True,14.375126917328105
1750000,2910,3,1,1,0,970.0,4,601.3745704467354,True,False,True,False,True,False,True,False,True,False,True,False,True,False,False,14.375126917328105
1750000,3850,3,1,2,0,1283.3333333333333,4,454.54545454545456,False,True,True,False,True,False,True,False,True,False,True,False,False,False,True,14.375126917328105
